P,C,M
0,4011.5500320845076,14.486006659564362
1,7349.533129943431,26.669996047029578
2,6436.713396931963,40.17626635790346
3,7326.208302300595,26.545233737822258
4,5659.980404100693,31.061085057647894
5,7016.13156214775,20.55797766143171
6,9384.099495156132,20.0
7,5142.218994157312,25.431650934036163
8,5210.658070246724,11.914743505987289
9,4722.508463116295,25.71403269556248
10,3842.9478098474146,13.605157044569363
11,8413.653640712204,18.085856453854127
12,2910.4893895820433,14.474851354273397
13,1295.4660828962897,33.88668128389001
14,8314.001858927844,15.039316284692784
15,4921.004925279472,24.077156593135346
16,5080.080460572702,14.047406380797026
17,2025.372403039887,14.900879044098431
18,5266.954632474786,33.57518080462626
19,7500.813685483008,12.713546091394898
20,6449.399976120152,17.584280910318288
21,2792.8402700029465,31.28157218574804
22,7155.389697894172,18.60138406692733
23,1988.8463333382465,30.281448545705693
24,7289.8741128761685,26.76908756318052
25,7750.368471735828,23.305363658637255
26,8277.13414613342,10.5454050950603
27,5030.082054333764,28.196072789594886
28,6185.861087315657,8.559945241493418
29,4468.3757289054565,28.55251439838269
30,2797.9388714615884,24.445575604125125
31,9619.317240245779,39.60292378208614
32,10865.209320145124,17.845036794250454
33,9013.858665955708,15.901441575743824
34,7050.53245635637,34.213584532502985
35,6687.024682191374,20.0
36,3123.417914652846,17.23343738698218
37,5342.980316281185,18.43445125383903
38,7359.816338210702,18.206723091670213
39,5362.310484139493,18.355657544044124
40,3904.7744321878026,28.449351905040793
41,4790.584370426038,25.391176573381834
42,6779.826892151911,29.2503650325799
43,6652.14156068733,6.385620536163936
44,3348.622861701112,13.633282162278189
45,3631.9962051618068,20.017983404148378
46,7427.582116818841,17.39888555995509
47,2084.0829154753674,7.240022749339261
48,8370.918928997506,22.962730093997717
49,10896.027729472142,23.975375613841006
50,5322.359981247541,27.678003792757288
51,8006.931942088002,17.31551856818932
52,6908.120516531821,25.817243765487113
53,6944.922044781755,12.209451986174502
54,6365.638360716261,23.607942543054598
55,7448.224467728763,14.402187082584252
56,6000.0,24.37023194710212
57,6000.0,26.084195072315183
58,7995.345885119887,11.069172932464337
59,5340.154845605998,28.853500761773653
60,6615.294767368437,16.73039418582033
61,1674.496917733889,14.081667554968238
62,7775.0475185600435,20.541497179867317
63,6000.0,23.64894021133739
64,8422.024937250391,22.984442531117168
65,2309.03895408828,8.546923942645549
66,3088.6094788562477,9.267435032640218
67,8458.295673431194,25.681443476976746
68,5246.578887228064,29.18087929230779
69,7250.631988614139,26.74079994469614
70,6413.7352385744025,21.520069329820423
71,8437.305643900609,22.2907973850622
72,4572.8230549034715,7.918170070372987
73,8089.10439114427,24.949317646090726
74,6000.0,32.302127781877026
75,4026.9956982588974,42.4546893482586
76,3621.1378666723303,19.505419668730198
77,5934.371550073271,39.95871034453482
78,6835.766414472005,22.317501640640526
79,2646.5677825498933,30.919622797702765
80,7917.952382197293,19.6707874924596
81,7543.938717959294,21.131706288906805
82,6144.92414306476,34.48281064660982
83,2846.0225288455595,21.401269294592197
84,6886.325087261801,38.80988523612062
85,6215.57797816515,4.781129150055531
86,6504.25871584589,28.59160910466887
87,8495.20052293902,18.462359976262626
88,5343.698163300867,13.208568594924984
89,3806.59644807594,11.44148274959905
90,1435.1146036274595,20.0
91,4868.949582335242,17.112893045119108
92,8825.848279294654,29.385483352297502
93,2240.1613826508155,19.29450930442929
94,7940.286245881438,27.547050757948057
95,10427.213931482594,12.776764111095277
96,3368.214141284862,15.286872699371482
97,6304.205016126213,13.06717559426238
98,1810.7189856332252,22.42911110950553
99,6000.0,29.172840960996357
100,7167.003190153229,14.281914411205088
101,6485.358811297003,29.247291297464415
102,4804.407650882441,10.21602514642414
103,4855.461362897317,8.244966478417924
104,8486.456034525505,22.036481269548183
105,8035.169278334921,29.860069873608794
106,1866.1463454731984,24.941635398081935
107,4804.007401959031,3.737007313186748
108,9587.069503386818,13.241052318030405
109,4693.741799640254,18.21665788955843
110,4814.740803331219,4.062578846687918
111,6164.0163799016955,27.24990695821889
112,4233.03395402002,18.06425416261766
113,9169.359238950026,20.0
114,10258.356137213144,15.504390017815439
115,4906.662464629403,14.217411238124015
116,5720.960625103874,14.59679092311573
117,6745.092096794512,17.815367004460946
118,4557.270163108421,10.52975693381769
119,7406.814633086489,23.898599288443926
120,1359.2812955157024,18.339107857902334
121,8432.339173524655,33.21444916317443
122,9015.008304647483,9.821765008767168
123,2896.529957159737,29.321383844266787
124,5580.725005930194,14.693177184106633
125,3975.9528857419086,24.588607028061578
126,6901.199198814093,26.657648248232405
127,4905.9043566150185,28.18304714760441
128,5994.39590454211,16.445982875888188
129,6896.1918061608385,22.264978010745605
130,7026.553732298424,20.981394854021698
131,5501.630256499231,24.683952165685092
132,3995.0923387145167,15.121704686061626
133,6147.423667354241,16.514550010792618
134,7070.036393899954,18.93681447111006
135,5957.116090301538,23.76772315381272
136,6000.0,25.168157752578768
137,8153.951748880849,16.890922980836127
138,8309.408776302194,19.05095482450883
139,9489.023884400618,20.212394725103067
140,5986.176471696462,9.030159008015602
141,7802.5660249512075,11.619225991638134
142,4400.087343172424,19.851357185042204
143,4598.304764010845,24.505754061402
144,4243.133710767653,18.345220479612728
145,4762.8252114661445,9.523767490828273
146,7624.760838673201,37.87219490967395
147,7631.885961607797,12.712321059270911
148,6435.34071266139,16.270399682607124
149,5237.931269568375,28.848915340423055
150,2728.2673433791856,10.46452210279726
151,9653.282435263802,16.726205495195483
152,8209.411772225523,7.206056640044418
153,5217.601945462595,25.81352675596607
154,5018.86485627578,22.173299013397667
155,4392.752772156977,19.164799259951522
156,3512.6749554697826,20.55714724131354
157,2447.5977848320035,8.782305147032883
158,5793.164952322753,15.9759553839602
159,5435.103444222343,30.538529886403946
160,9294.908123246827,5.722649429883763
161,6066.583471580175,36.60558405588886
162,7557.451435035884,15.90854944514572
163,5924.737304721776,4.120247716137797
164,5458.78752921281,27.37856358130046
165,3569.2629986629404,34.33038518063025
166,4132.764758189135,23.661560117629968
167,8062.890122909766,12.277640455817469
168,6959.433128203761,26.182847480984123
169,6925.0586150160825,27.241634995330983
170,7187.355513742909,19.521598848328278
171,9278.233902019825,12.101943711485976
172,8263.107194986882,15.758958755062071
173,5854.528605651505,28.865364451386576
174,8459.84411350272,17.075784585526783
175,5770.22694980087,15.946975156887389
176,2392.4745087137917,37.2580678943219
177,5951.876859188088,19.547612393152118
178,7046.501960437376,9.407481247275024
179,7316.189915361897,13.335984680804927
180,6027.405071319106,27.19862651764487
181,6272.818473596582,17.659492138889483
182,7068.284695981123,9.925524572038276
183,6555.017180138543,16.202361489192107
184,7763.986110102533,14.42976666499721
185,7447.912980031579,12.873900230822358
186,9648.761948058975,15.106663635927621
187,8026.244414662282,9.505139576029078
188,6000.0,10.008694106275707
189,4903.276431732677,23.229435718388277
190,6211.007038338834,20.235095073806377
191,3059.1163157479796,12.270423825578938
192,9559.106484008647,28.021950497869152
193,4667.868370445536,29.2615137532377
194,9978.218240704298,11.58426573448043
195,5242.024222830786,32.186140929186735
196,1517.4582244218864,34.29059966304223
197,6000.0,37.84727815533947
198,9754.556480249075,13.05966386430437
199,4109.046112613431,16.946810429207297
200,6000.0,27.564883203571963
201,9397.858206221303,22.353903495161514
202,6332.081034803722,20.285247706130328
203,6763.003261165917,7.217267785250147
204,5842.505215477692,21.90577229226588
205,5723.797565487368,26.96017770156967
206,8777.092644538803,15.042796704771108
207,4542.596773308605,12.522267641221095
208,4091.706845695146,20.0
209,5136.226383203735,21.7736431025015
210,4388.86638146663,13.479518895006331
211,7333.601675678832,40.12298656099309
212,5010.393465102907,25.222630999218318
213,8966.96108665661,24.01157745337367
214,8771.80238968,23.097344200848525
215,7411.221092127322,22.003279825043787
216,5895.664304897753,18.843992248514898
217,1569.8819241963456,5.2934213087623565
218,4882.760728691571,6.4766720729617315
219,6954.952740378498,14.148097925438776
220,5248.298533948061,32.91506457040925
221,4235.144383934336,12.034970076336359
222,5458.280062087504,26.881155230460067
223,9414.690799929022,25.814679827141838
224,7904.501057031082,20.0
225,10238.905728441197,26.226439458083306
226,6000.0,12.996520861734766
227,5682.689554187552,13.63805343442059
228,8150.537432129868,15.843648234713232
229,7734.552135183654,36.471452022532986
230,9624.890719801064,9.81030478878608
231,5168.706514911969,5.217701255728715
232,2450.253064532389,14.041334552576732
233,3003.192313237973,15.998427293817429
234,2477.1626645694523,20.202992950157274
235,9402.335805786453,26.700353831762154
236,8598.126304661546,10.378512600649547
237,8133.342444119471,30.681017526811516
238,3451.2920687390897,24.29632530431666
239,10152.607637695688,24.108854305878857
240,3271.406882435195,2.4767828023205745
241,5227.129789331094,19.294836644124914
242,4779.250148193147,27.11145515628902
243,6722.202514307038,20.0
244,4795.3412301272365,14.646936472469338
245,6832.638813101878,25.114247819046117
246,3509.9409597030094,16.956410470892024
247,6129.421350096173,26.618924520141128
248,9647.289496818561,10.685373992642269
249,6443.554887055077,9.604167237908158
250,10355.848907814794,10.077429748382476
251,4285.938156848802,20.237802090388453
252,3884.660636541151,20.11532667442219
253,5561.677959847914,9.987871773973056
254,9479.14369505344,28.483575065852268
255,5910.7488629165055,31.66865807016802
256,6620.3206170046005,18.730755604184885
257,7718.867687686795,14.272293199700773
258,4588.626527103175,13.410204906614204
259,7458.269554313604,27.26516050573567
260,4081.6772687906746,19.308442114669454
261,7003.3884860738,24.243897039341608
262,7533.922137086271,20.0
263,6147.421862594347,31.70488180741202
264,7815.622212935305,26.023630044085913
265,7820.765157826331,20.501678787286956
266,8095.356101054115,29.464473973736112
267,8860.573008368847,18.879906455772993
268,5181.5864049963075,22.18792894702385
269,6000.0,17.932042737734584
270,7986.457266473026,14.782062658299084
271,6463.4364181567835,34.56535931242976
272,3653.8422403036416,22.689726606490005
273,9300.97920932813,3.571307393381442
274,6488.19407460956,23.187834515537475
275,10319.97827659949,31.014340646374485
276,6000.0,19.007921527343136
277,3880.0174713511105,10.929448580337302
278,3497.8275399706818,27.55135132442653
279,3230.516050489477,4.163456890249151
280,6000.0,27.898999901142837
281,2997.715257859639,10.010727455029594
282,3496.998834404611,31.989336773236428
283,4159.310244323547,25.476971063618322
284,3214.9669870947105,6.765117675111334
285,3807.0807758330357,24.281356282788835
286,6855.336286945165,37.803900527042344
287,2819.1798298063345,24.667507934307537
288,3046.7063807288614,28.908393410323256
289,6688.338905181161,15.73690332903108
290,5657.021308425371,17.834873995772714
291,7360.969210319683,35.75162771685207
292,6652.785397198487,26.64301357293924
293,5130.571383700583,26.659242909541504
294,5256.653319318093,26.441175352273895
295,7270.296893072076,23.39584394350794
296,8083.827085733328,33.35744461056073
297,4447.129892490339,10.495205737932347
298,5998.5238440249595,25.850057370169687
299,3523.380796478309,31.857222716585838
300,9974.464683256387,5.138846917188808
301,7530.071693143038,19.73050703719654
302,10656.913373644858,13.280292662493409
303,5264.813168195599,15.15168783882401
304,3613.6118362036545,29.622576479037566
305,8129.12538153111,14.250880412817361
306,3380.010870894793,17.29774479113967
307,10496.480278680789,23.21862331112013
308,9571.972663037395,11.91932040740814
309,8370.938397039808,23.87583474031854
310,7644.173728358601,40.32446058501582
311,7119.160113213213,20.0
312,4450.737253467118,8.736000902253396
313,8541.578292426273,20.15939017220934
314,7770.626183572897,45.365937771590836
315,9143.025740300629,18.93631258190576
316,5140.359466442722,20.0
317,3266.701954622758,19.236477727155965
318,7264.561171534909,9.765272519865336
319,4698.866014239538,19.414820589708285
320,8032.245608999222,28.910066794188815
321,4847.390185865357,16.960082132166185
322,6365.544911003952,30.559907617405862
323,4194.019663154781,13.836043865163234
324,6366.775441156471,38.8682536718442
325,6204.982766199612,23.020721354994443
326,6000.0,30.923041594892794
327,5409.851472281575,17.009490133352273
328,4546.244145772717,32.87904536945675
329,4031.6779602344104,20.0
330,10869.505512273514,13.06593934234344
331,10859.882786843158,20.66994108654103
332,4653.359929078163,32.91515186837218
333,2098.406379756093,34.60427685386248
334,6940.461077888296,22.866982369597928
335,6536.978137051436,11.028145775406612
336,8520.114608811784,15.01743057140564
337,4528.552419330493,18.962318921058685
338,5587.818268840516,33.22222731134489
339,6000.0,16.506829147800406
340,6509.777381457881,15.642864179340924
341,6000.0,10.366121707530686
342,5178.976456203754,20.353362001274267
343,7782.130660921832,12.680728411472506
344,8629.836716692933,33.170022029812316
345,4637.195894169568,17.37014527825456
346,1343.2937366833885,16.075758254359833
347,6961.85396019571,20.095861423316574
348,5989.355641839929,16.978046808697172
349,7695.453706593518,16.88989917904308
350,7790.524825274066,29.542712191954436
351,7274.392071183327,20.660810761476572
352,6401.639902084629,15.641343798044197
353,4288.840653788178,16.99772516938139
354,8251.833416295172,11.515370944901864
355,8956.41915683653,3.8199803441142564
356,5010.346006445534,20.960492649251204
357,3376.851345459331,15.244610331773428
358,8337.74567348688,25.635594547140112
359,3464.6118103957588,15.664494444908556
360,10800.939149192094,20.0
361,3615.266101133002,14.854620175760772
362,7514.978703969386,13.206932747022776
363,3740.448233317643,13.151069175660114
364,1408.4573402022015,31.857907323601633
365,7074.187393668556,19.491280246984026
366,5734.405920996494,12.944177135246907
367,4365.560329731223,37.81851356779474
368,1782.5116664197085,21.59250879637632
369,7700.24244391745,32.495210060854504
370,1674.906301875104,18.259347473114104
371,5753.75475471859,13.134051002312537
372,9294.599289220707,27.63677309459405
373,6000.0,7.92047062892669
374,10538.193058867779,43.351045231634366
375,7102.7589636695775,6.28251403583538
376,6089.7024904223645,20.459806978724473
377,1952.24476728032,9.580136342665037
378,5246.0227224066475,19.855529804782023
379,6009.821929428489,9.290273560941396
380,7702.725174252262,13.109191489440386
381,6330.134958850715,5.921578108625859
382,8503.535449301497,44.98175488833278
383,3017.0728091899464,6.022140631837612
384,7190.351449761321,15.750704329195369
385,6620.329389065123,21.679083837443365
386,4386.352463690204,6.810884794842224
387,7998.265103685355,26.97496476833375
388,8060.713531682464,11.519454875425447
389,4895.342390612948,33.276559827096506
390,6000.0,3.96711532998183
391,7262.771856577207,39.4883011664642
392,9679.013331948849,4.2407633427785445
393,8280.924360446508,17.143365200284737
394,5477.328903654477,26.00663516914754
395,10615.817770863365,22.72070410421798
396,2370.5661587076356,25.10178530108221
397,7177.824799915604,17.261995817260313
398,4030.157523709118,21.670078690540084
399,3623.027782247613,15.692177001767957
400,6260.283342205134,11.232830611861257
401,2419.7319047526703,14.476660813590252
402,10779.408996197255,22.949625000299818
403,6081.118051943548,28.818075068098878
404,8065.51474816982,20.420169268427884
405,6734.964970444204,14.837190908039393
406,6000.0,39.9570679850945
407,4685.2483298477,22.856660082661904
408,6015.408968880877,23.67146685462768
409,4607.8523435591305,21.36150744136452
410,7954.840196766395,9.207964480895276
411,4188.418061899645,18.969503458109806
412,6000.0,21.764008172711932
413,5415.027064231823,20.0
414,5686.2312402471,30.45274674250824
415,2831.5731792463243,32.16316199560194
416,6000.0,18.284295712892842
417,2644.2558358881324,16.0968626981812
418,6057.1050003353175,20.019826466888148
419,3598.6804692711125,37.2508880304142
420,9505.22352906535,22.255929578331607
421,5020.476548094143,6.31948308846248
422,5288.907995405093,18.656843622547196
423,3254.3376598997647,25.68150217314858
424,6879.49832389551,22.110230645177506
425,10566.79602276437,11.12780279184068
426,5260.34259043664,21.258981044144296
427,8281.973506157283,17.244026021852893
428,4549.12472581314,20.0
429,8536.224826903031,10.48269904285841
430,6319.12396467155,16.035363850914173
431,9183.814195986863,19.65891386515785
432,4548.409552794612,20.183899579167313
433,5634.930561711877,28.041353873519718
434,7241.701845633957,17.398877452800747
435,1289.7113268499743,31.503979123853007
436,6022.419240137874,24.981732824013115
437,6000.0,17.408357844396246
438,5193.45920766979,9.975355043675776
439,7435.426063223842,7.2470313787276375
440,3772.916506380379,14.533276231331891
441,7643.931420518393,26.9549595393681
442,8705.205516435853,29.98662268105935
443,6397.394666676991,31.794811414915905
444,6000.0,14.000659937179245
445,5909.604141895719,16.136369307258956
446,3093.5031882436915,25.369935053979365
447,8980.187600793746,10.1616048412279
448,3412.6144903497056,15.712580346947956
449,8281.392703413414,18.38541440021797
450,7287.215868901416,20.0
451,7163.948835786853,11.462864381923705
452,6125.089877407259,17.84498213255584
453,4526.584077374078,20.0
454,4397.687719522446,28.018489936751283
455,7776.848798702842,22.946157904960266
456,9068.291908960236,8.421817187075828
457,6239.1409955102545,23.861432201093198
458,9112.914499906625,43.27998767179437
459,1600.1863362003078,29.088756535493566
460,4874.6713018814435,21.57319907160113
461,8022.218936595513,35.46264980100891
462,7428.819516827167,34.17532164981036
463,8289.432725356502,20.0
464,5589.008387034247,23.2009273210568
465,7920.300908068293,6.37072152541532
466,8944.526327682077,15.061786954897046
467,2806.583999400793,24.154826471501583
468,6907.427870281265,22.989522870125
469,6362.798048993889,7.88092876796259
470,6584.755609074984,15.699223506670002
471,6000.0,15.513998432081664
472,4958.44383209156,19.235974167248663
473,6429.1913907834605,31.252867744053898
474,1846.0242332756352,47.03639358772477
475,5611.912474791321,16.546030181986566
476,6038.963560556236,17.250632489601138
477,1851.98569066647,29.697110338767366
478,8326.029938233345,31.791086810535113
479,5858.801804172263,33.142701373135836
480,6206.240368414828,9.326442600103045
481,1275.0945684811522,5.381459305545604
482,4113.080540541949,12.828726819594621
483,4663.771261353719,23.11796916396277
484,7316.334261014776,16.627355392511053
485,6000.0,8.846146125401983
486,5911.887551216783,20.14016439297688
487,6774.170779826275,28.823879827393306
488,7533.517775898986,31.828087621839412
489,5425.857608145727,29.051016766975767
490,8199.770935939747,27.502907145512072
491,1013.7028841141255,23.76800466573202
492,5718.461965800939,25.62127820627368
493,4612.999040510082,32.5831388925053
494,5049.055239998177,33.17762835333277
495,3666.519378725925,15.842775514961303
496,4698.132260400687,35.16643398699574
497,6398.512303913337,3.4782008416460073
498,7506.7150012363945,9.836272729246751
499,3561.228044584427,9.136831002980486
500,4361.028296239283,33.59940966311866
501,5430.3881188807845,28.105134554440625
502,8141.678604648227,13.223492807297488
503,7864.770429642938,28.0664917958711
504,7252.844880075447,2.736911664558235
505,2997.0577531409476,16.262187033122945
506,7267.613977356392,15.705345731017117
507,3839.6119317055154,28.618599905310944
508,3820.5193712712967,25.326821343013457
509,3222.8007128389945,21.662352751279265
510,5824.934519052629,11.010628380704357
511,5532.744548171605,19.709943609809475
512,6504.630323872923,34.07615948152705
513,3251.984436072209,37.90839651523663
514,4441.094868042843,14.535361735514101
515,6113.813735891735,16.069465940158658
516,2797.1147631423664,20.81856193387947
517,1560.9300864144552,20.871531583297184
518,5664.238163337244,13.23426004013901
519,5896.0397484993655,14.697681290197147
520,6621.653237900049,15.351794392138906
521,6000.0,7.11513893348485
522,8532.70777725314,27.234552651598634
523,6090.965991182534,17.24340031484085
524,8411.796962356173,23.39294998262754
525,6460.345371549024,21.946596258928153
526,5274.722578703393,10.180912738655163
527,6848.451536530016,12.618722381406602
528,4890.724599260728,25.992052725429687
529,3596.9105579889956,33.440623104481574
530,5955.342824943621,15.35132743323249
531,6265.111136448656,27.922698605187577
532,5049.473108401592,19.63241007959663
533,6866.023735274672,27.71535908993904
534,4981.179740654292,20.824481380281583
535,9315.296057818508,27.626679544175516
536,7939.1227110467125,24.795517838822985
537,10227.653135655024,11.29754595807861
538,3557.1679429667774,31.980060258477323
539,3305.0414390435476,21.530367518414558
540,5454.600166235827,6.810649167631588
541,5622.8570352385805,16.52007190094236
542,9981.068027359293,32.131914427136486
543,4423.83584853902,21.649060172986594
544,4728.6259560499375,14.319021634557236
545,4758.852102893356,24.18767322495041
546,10712.72599931024,8.595529717164856
547,6533.626280692155,18.076510706897416
548,3101.1657657112196,21.76295869896861
549,3722.8513539058104,15.632501113808612
550,2547.5274009014397,20.0
551,5524.731229496638,18.0877710052599
552,5264.43712212122,48.55307321258793
553,9476.176639586001,26.408241752061258
554,1416.1150542857458,7.700796073655791
555,8090.267334477753,22.852765537409283
556,10124.841643188847,27.843260923449108
557,8774.778881166418,16.81242259795565
558,6753.136528900838,28.455421459162483
559,7006.603033133396,17.366869018027824
560,7567.226647273362,19.284781972898315
561,6458.782786839035,20.737320886778285
562,5176.336969887687,18.433231196567817
563,2264.852022955069,33.94537430365025
564,8209.852357060314,38.67015574990492
565,8990.843745230035,10.433294345940027
566,7856.08981994071,34.69210543740577
567,8987.96373948867,30.573596008855283
568,5897.435432531852,28.500058064327938
569,7948.3787198515165,28.518327607856456
570,2269.3000588953646,11.509985115307215
571,6000.0,11.847097544856194
572,8380.745450871864,8.217027712527138
573,9509.760217587394,12.021816823449443
574,5050.822564965812,17.283271615913687
575,2286.756067273898,5.61993444608208
576,9802.43481125759,34.69763911586489
577,8212.981097781394,20.500692729081646
578,4876.466349004501,39.44780113010215
579,3967.721175811862,41.77284361102156
580,5462.253227400239,30.90078035758312
581,4921.914230975845,13.112097884518704
582,1479.0539434491484,29.018761623016992
583,8517.41063249603,30.198797736804774
584,6401.78861381903,24.988839207455488
585,7291.458332563792,29.247589152300623
586,10397.866440074642,13.258493751928805
587,8119.692563008298,27.5088734873637
588,8041.544812931388,29.559408518915568
589,5026.925882272813,42.55616369124587
590,7208.746957867291,27.810557712426817
591,7129.884833782609,3.5866775795098746
592,6861.362573361938,21.853808257693412
593,5006.641325264105,19.15106120571401
594,8108.336294679488,33.09674020581201
595,7922.059655383191,36.30302250393639
596,7281.144767762016,26.386414385602254
597,4745.063135280807,28.62203409040989
598,5884.284298047494,27.575917829599923
599,3763.2874773824356,25.92670578703654
600,8213.429144297152,20.94158119936305
601,4414.763495126793,20.0
602,9781.536921688945,20.0
603,3794.27933745048,25.130139338422893
604,9624.014881411642,32.51000073306444
605,6780.02397903916,13.312977374074048
606,8170.995618322919,47.53525347083281
607,6000.0,19.05390900016584
608,5104.868462066171,23.666158794524986
609,3198.6664162931443,33.99400159611386
610,8431.59108322679,19.569225174110052
611,4405.049751657278,22.95702265652283
612,4179.984244293578,11.545721071948714
613,7254.299764681842,28.69705014355225
614,3690.919154714034,21.049388717235505
615,5767.389258755512,12.479523245797957
616,5525.22187708204,14.355430132543045
617,4857.048495082568,2.4674939555486795
618,3644.451720796152,23.111322496324213
619,4831.414391117886,16.52038556598061
620,4803.478890733357,20.0
621,2991.2096032308114,9.50847032814761
622,7794.924835010719,35.46661497920194
623,7172.921269898237,15.356772251797484
624,6663.495635984612,10.22113884233067
625,6692.236453568915,9.512424606010267
626,6198.467957452361,26.96043978227226
627,7022.398717378402,35.04180421409592
628,8411.118110510984,14.469318059306714
629,7788.890831515771,29.581063264576322
630,7011.959598739022,19.00085594743653
631,6424.708728374755,41.06704067268282
632,5517.258149579333,18.034805215960866
633,8683.38769393782,33.36976211196669
634,3879.630995242482,20.0
635,9762.63295431402,10.47908653934331
636,2815.264255114643,20.0
637,7897.865611381162,36.50373650344423
638,4732.193052290217,18.577795145745135
639,6000.0,19.026483924208947
640,10600.535158907438,26.162906326144963
641,5010.308207235665,8.014362131256922
642,2479.4347214977515,31.437178310578386
643,8635.123661102134,22.794074050128636
644,5912.977041807792,14.446165047817441
645,7695.276509616907,15.404169767874272
646,6401.8845572036325,16.557252117211178
647,8264.576158190295,27.20316248229746
648,2552.329051619435,16.130246020502362
649,5744.125302877677,40.97394757129431
650,10363.537916016012,19.975897027613307
651,3421.532392722879,23.6657819371668
652,9667.79966877196,18.401651662224012
653,6000.0,27.209701055568104
654,6000.0,14.632599323653771
655,3825.438254108673,17.4806061388697
656,10399.734703008993,5.696314520161394
657,9224.920105181362,31.332263406384804
658,5793.360549236003,16.963260569659038
659,6000.0,25.830916318772896
660,5208.902305085176,20.0
661,5525.762809661275,16.208491035718836
662,6248.032828042681,35.37318771234945
663,4151.837234308963,21.303738340514286
664,5554.646602088695,11.999154776746092
665,7581.220627344483,24.208564297405452
666,3144.55290053365,12.502872179136656
667,8775.940834922065,41.8970108295142
668,8870.372473104038,26.54360164850736
669,1711.4944526586141,22.058758071961947
670,6253.463197786565,25.36208369141903
671,7871.106310101502,28.424454880002415
672,8444.57712767554,22.3692825313981
673,6610.2910044565315,24.099169065394484
674,7781.019643983629,39.06825921023864
675,7888.073918198107,3.0010381534603354
676,4737.067977041836,27.687254344402636
677,8354.644592881556,22.523296392198855
678,1983.8277839436478,17.923382719400664
679,7808.375667585545,22.69432073557655
680,8074.220250326628,27.651894771163185
681,4685.910573587296,31.476943745558536
682,5739.497207664828,26.7988995357761
683,5824.609522763392,20.450765268634264
684,5748.319068568381,31.042601901908775
685,2808.5778357156887,17.978740139501635
686,2636.5070816247376,28.167147367780878
687,5613.810037600595,18.50408535864136
688,6237.241978735619,16.767006876945928
689,4191.0886824964455,8.72037575807629
690,6748.124397010521,7.780537671307197
691,7497.287320294779,21.977004009700746
692,5128.236257767862,21.045751699842302
693,7029.519467762465,30.21650253919356
694,5626.82010922388,25.57868795054481
695,1418.7494532669461,18.149180313700626
696,6104.609063362559,23.39124784141081
697,3452.0920100837507,31.27678006844272
698,6951.361321616495,14.942073428777931
699,6243.604346730008,15.872505124906425
700,5673.7645426291665,13.991464410054395
701,1855.0474468102657,4.7487441478845085
702,3169.1198487496736,14.375402348079115
703,8061.827711491844,21.320459476358167
704,5137.219193997047,39.06445765648384
705,6743.981765326232,27.824093562459957
706,6192.8720312357855,26.067687114067716
707,8987.440434644583,15.559588606919586
708,7702.685721998708,26.423833827861962
709,5153.4112734037835,20.0
710,1380.5960669799142,29.253931358412984
711,7370.99581401605,27.317415285321474
712,6862.548981934796,5.718533566947016
713,3735.8980167047825,19.53055595635782
714,7786.884648858916,22.34081618277124
715,8488.839741054144,27.226681738196326
716,8586.20829887468,9.208137802747869
717,2995.3876349799166,21.851646295070125
718,9691.654587369483,15.474364420407142
719,2472.2700419660023,5.194734212236707
720,4677.684115739965,20.0
721,2168.304715215299,18.939198336867065
722,5198.97836924104,22.797147745313367
723,2295.725130081014,34.97860196444815
724,5211.257446636145,9.579406608179307
725,5881.362765730434,28.546055214568778
726,6075.770992509921,6.055758910767823
727,8699.935889347851,18.85022123784495
728,5364.598624671697,16.92750539015538
729,5723.682054115501,17.436640262070714
730,4700.914074963043,24.013666077676774
731,2076.363189693057,18.20567182179558
732,9634.458410798881,12.770348462652512
733,4642.668325838487,24.834357827451452
734,5931.786681952644,23.888065059366426
735,5351.13512185356,23.580726708556725
736,2280.557727531328,3.8023319963024065
737,7177.066549132005,14.576270097626386
738,8183.888968260284,38.571975084673994
739,5776.542618180143,7.588019370479806
740,6229.674628330312,17.902001049093275
741,5440.043476290399,16.500316996963825
742,6163.404242210472,25.817071280707324
743,3652.7494039257535,27.429549407833864
744,4421.649870091895,14.78457966117715
745,6976.904516590443,6.526864097725561
746,9216.202124818894,14.832247034541604
747,3980.588434812486,20.58599914956631
748,3484.091904861154,18.252976233540632
749,9558.077550414237,27.796307103244153
750,5809.254952870379,31.950878806289516
751,10719.344099860838,10.838533839380908
752,7239.917347243147,9.061983431155618
753,3672.4382385994236,33.242117914529274
754,6569.28494341531,16.534901561848752
755,8697.174477846504,26.081803158840792
756,5650.952976041788,31.67674290696541
757,2764.5145011983955,10.379344092031252
758,6146.960198636603,10.501888741438805
759,3552.9308400737245,22.389235090111512
760,1383.3472780116726,14.87811121111816
761,5826.523775237745,33.26954105917306
762,4376.442280302813,9.703852991936955
763,2160.5771821369067,20.862538421458716
764,5358.30791027931,23.638366259582686
765,7326.69717745932,22.68318344861037
766,2261.1041124208464,12.984738188523652
767,6473.961258641791,14.497658487214562
768,6162.340324004093,23.94949505288419
769,6552.494459862218,31.310596649951584
770,5383.617506217641,5.6829452639682465
771,5284.182311226323,25.329418929593707
772,4320.570813530701,38.63204054105063
773,2940.9246963019423,21.299603657433178
774,4164.456105256875,24.34166454553779
775,7374.488901958765,20.0
776,4634.678930392212,20.722036031624285
777,7639.899033173761,18.37774608847736
778,9583.64311436758,36.860740938541596
779,4242.320849577445,23.770311741315442
780,3938.3444505172292,18.864178268017934
781,4030.5956725595597,20.0
782,5829.231078833092,13.328291437765468
783,4404.554540746317,20.470325160121323
784,5254.210149899129,20.787396120712557
785,9283.271990870639,9.232130967418357
786,5697.165578116998,20.0
787,6581.572987380345,18.430302084214652
788,8422.836738235243,20.0
789,6412.062418083817,7.4287500258788075
790,5587.066638627353,18.978065158365727
791,8247.576842129782,8.01584185233928
792,2401.1588412482274,41.12188424751127
793,5438.151063353945,13.185409114831483
794,7787.160989895279,44.27144298188723
795,9108.333200420753,9.369787754021374
796,5496.733620633101,30.676593408611602
797,9368.448488414539,34.62476615153765
798,6986.217778264505,16.666038024302527
799,5375.429202121736,21.85086109271715
800,3781.815942936062,17.405512648309877
801,1451.8704556800676,28.315910376632793
802,3412.9060056795206,6.12412361938253
803,6916.969885225487,9.408871411952678
804,7396.290029775851,16.418011986410047
805,8562.56312498296,25.10521062669885
806,10994.94021482694,6.619158119189098
807,4410.689266130005,24.40120639006237
808,5927.556536471337,28.982008328771435
809,6630.472013710403,15.293698165290895
810,5152.200215531736,24.439646439085976
811,4738.62536211746,19.774082809159022
812,1118.6204958343533,27.699575453172294
813,6519.497659770567,14.148705762639139
814,1460.2748949849429,14.592470940563743
815,6716.042470915731,19.99035917163568
816,9748.408541111125,3.9494296834752944
817,4937.322446882199,26.02459664353266
818,9804.78405596543,12.290060889539895
819,5112.015716447891,20.44903934061405
820,4624.8823085687845,18.935137882446295
821,4540.618196945661,5.523068274388416
822,5654.910151373632,13.059096744455491
823,5522.068335801165,8.188042635778805
824,5343.415540226707,20.70451577024406
825,3512.5921761891436,39.38361329219045
826,8626.736660297003,10.14003815101833
827,6767.3798203492715,21.21661197042543
828,5230.707478989383,9.905519402242373
829,8064.657375662017,10.081023460492833
830,4378.206715859435,22.143074581576414
831,5336.252232867275,31.64880872173335
832,8295.566272875376,20.0
833,10312.73246373656,20.0
834,2648.0908449747667,25.62170863571228
835,7944.114775472872,22.734458308020244
836,7091.691174065913,32.16444306697444
837,8685.562892263002,5.409240957026412
838,6604.403509481768,18.779261571303813
